Event,Date,Status,Tickets Sold,Tickets Available
Bremen - San Francisco Space & Tech Startup Exchange,"Monday, 15 August 2016 14:00",Past,20,0
Commercial space stories from the US to Europe,"Thursday, 18 August 2016 18:30",Past,27,3
INNOspace Weekend 2017,"Friday, 15 September 2017 09:00",Past,65,2
Leicester SciComm social #1,"Wednesday, 18 July 2018 19:00",Past,19,31
Leicester SciComm social #2,"Wednesday, 15 August 2018 19:00",Past,16,34
Leicester SciComm social #3,"Wednesday, 12 September 2018 19:00",Past,8,42
PhiWeek Bootcamp,"Sunday, 11 November 2018 09:00",Past,37,0
Leicester Open Coffee Club #2,"Thursday, 14 February 2019 09:00",Past,11,14
Leicester Open Coffee Club #3,"Thursday, 14 March 2019 09:00",Past,6,19
Leicester Open Coffee Club #4,"Thursday, 11 April 2019 09:00",Past,11,14
Leicester Open Coffee Club #5,"Thursday, 9 May 2019 09:00",Past,8,17
Leicester Open Coffee Club #6,"Thursday, 13 June 2019 09:00",Past,12,13
Leicester Open Coffee Club #7,"Thursday, 11 July 2019 09:00",Past,9,16
Leicester Open Coffee Club #8,"Thursday, 8 August 2019 09:00",Past,8,17
PhiWeek Bootcamp 2019,"Friday, 6 September 2019 09:00",Past,1,40
Leicester Open Coffee Club #9,"Tuesday, 17 September 2019 09:00",Past,5,20
Leicester Open Coffee Club #10,"Tuesday, 15 October 2019 09:00",Past,14,11
Leicester Open Coffee Club #11,"Tuesday, 12 November 2019 09:00",Past,9,16
Leicester Open Coffee Club #12,"Tuesday, 10 December 2019 09:00",Past,18,7
Leicester Open Coffee Club - Jan 2020,"Tuesday, 7 January 2020 09:00",Past,5,20
Leicester Open Coffee Club - Feb 2020,"Tuesday, 4 February 2020 09:00",Past,13,12
Leicester Open Coffee Club - Mar 2020,"Tuesday, 3 March 2020 09:00",Past,16,9
ONLINE - Leicester Open Coffee Club - Apr 2020,"Tuesday, 7 April 2020 09:00",Past,13,12
#SpaceHour  hangout,"Wednesday, 8 April 2020 12:00",Past,15,85
#SpaceHour  hangout,"Wednesday, 22 April 2020 12:00",Past,13,87
SpaceUp LIVE,"Wednesday, 29 April 2020 17:00",Past,378,22
ONLINE: Leicester Open Coffee Club - May 2020,"Tuesday, 5 May 2020 09:00",Past,14,11
#SpaceHour  hangout,"Wednesday, 6 May 2020 12:00",Past,11,89
#SpaceHour hangout,"Wednesday, 20 May 2020 12:00",Past,18,82
Leicester Open Coffee Club - June 2020,"Tuesday, 2 June 2020 09:00",Past,17,13
#SpaceHour hangout,"Wednesday, 3 June 2020 12:00",Past,7,93
Midlands Space Networking (online),"Wednesday, 10 June 2020 17:00",Past,73,27
Spaceoneers LIVE #1,"Thursday, 18 June 2020 16:00",Past,42,58
SpaceUp LIVE #2,"Wednesday, 24 June 2020 17:00",Past,145,255
Spaceoneers LIVE #2,"Thursday, 2 July 2020 16:00",Past,29,71
Spaceoneers LIVE #3,"Thursday, 23 July 2020 16:00",Past,21,79
Midlands Space Networking (online),"Wednesday, 29 July 2020 17:00",Past,50,50
SpaceUp LIVE: World Space Week edition,"Wednesday, 7 October 2020 17:00",Past,191,209
Spaceoneers LIVE #4,"Thursday, 22 October 2020 16:00",Past,5,95
Spaceoneers LIVE #4,"Thursday, 5 November 2020 16:00",Past,4,96
Spaceoneers LIVE #5,"Thursday, 3 December 2020 16:00",Past,1,99
Midlands Space Networking (online),"Wednesday, 17 February 2021 17:00",Past,81,19
SpaceUp LIVE - #PreparingForSpace,"Thursday, 1 April 2021 17:00",Past,124,276
Midlands Space Networking (online),"Thursday, 22 April 2021 17:00",Past,54,46
Sustainable Space Marketing,"Tuesday, 28 November 2023 15:00",Past,13,12
Eco-Conscious Branding for Space Ventures,"Wednesday, 20 March 2024 16:00",Past,17,8
Leveraging Green Messaging in Space Marketing,"Wednesday, 24 April 2024 16:00",Past,9,16
Sustainability Storytelling in Space Marketing,"Wednesday, 22 May 2024 16:00",Past,37,13
"World Environment Day special: People, Planet, Profit and Beyond","Wednesday, 5 June 2024 16:00",Past,28,22
Digital Marketing Strategies for Sustainable Space Initiatives,"Wednesday, 10 July 2024 16:00",Past,25,0
